,Accuracy,Precision,Recall,F1 Score,ROC AUC
Logistic Regression,0.955,0.7777777777777778,0.5,0.6086956521739131,0.7446236559139785
Random Forest,0.98,1.0,0.7142857142857143,0.8333333333333333,0.8571428571428572
Gradient Boosting,0.99,1.0,0.8571428571428571,0.923076923076923,0.9285714285714286
