Loss,Accuracy
0.0465591698884964,0.9889000058174133
